{"cameraMode":{"drawMode":0,"name":"Shaded","section":"Shading Mode"},"sceneLighting":true,"audioPlay":false,"sceneViewState":{"showFog":true,"showMaterialUpdate":false,"showSkybox":true,"showFlares":true,"showImageEffects":true,"showParticleSystems":true},"in2DMode":false,"pivot":{"x":12.350000381469727,"y":1.7999999523162842,"z":3.2899999618530275},"rotation":{"x":0.19070062041282655,"y":0.2461724579334259,"z":-0.04946567118167877,"w":0.9489918947219849},"size":31.28621482849121,"orthographic":false}